{
  "NORMAL": {
    "precision": 0.0,
    "recall": 0.0,
    "f1-score": 0.0,
    "support": 234.0
  },
  "PNEUMONIA": {
    "precision": 0.6219709208400647,
    "recall": 0.9871794871794872,
    "f1-score": 0.7631318136769079,
    "support": 390.0
  },
  "accuracy": 0.6169871794871795,
  "macro avg": {
    "precision": 0.31098546042003233,
    "recall": 0.4935897435897436,
    "f1-score": 0.3815659068384539,
    "support": 624.0
  },
  "weighted avg": {
    "precision": 0.3887318255250404,
    "recall": 0.6169871794871795,
    "f1-score": 0.4769573835480674,
    "support": 624.0
  },
  "roc_auc": 0.31046460661845277
}