{
  "NORMAL": {
    "precision": 0.8728070175438597,
    "recall": 0.8504273504273504,
    "f1-score": 0.8614718614718615,
    "support": 234.0
  },
  "PNEUMONIA": {
    "precision": 0.9116161616161617,
    "recall": 0.9256410256410257,
    "f1-score": 0.9185750636132316,
    "support": 390.0
  },
  "accuracy": 0.8974358974358975,
  "macro avg": {
    "precision": 0.8922115895800107,
    "recall": 0.888034188034188,
    "f1-score": 0.8900234625425465,
    "support": 624.0
  },
  "weighted avg": {
    "precision": 0.8970627325890485,
    "recall": 0.8974358974358975,
    "f1-score": 0.8971613628102179,
    "support": 624.0
  },
  "roc_auc": 0.9643326758711375
}